<?xml version="1.0" encoding="UTF-8" ?>
<!--
       Copyright 2009-2013 the original author or authors.

       Licensed under the Apache License, Version 2.0 (the "License");
       you may not use this file except in compliance with the License.
       You may obtain a copy of the License at

          http://www.apache.org/licenses/LICENSE-2.0

       Unless required by applicable law or agreed to in writing, software
       distributed under the License is distributed on an "AS IS" BASIS,
       WITHOUT WARRANTIES OR CONDITIONS OF ANY KIND, either express or implied.
       See the License for the specific language governing permissions and
       limitations under the License.
-->
<!DOCTYPE configuration
    PUBLIC "-//mybatis.org//DTD Config 3.0//EN"
    "http://mybatis.org/dtd/mybatis-3-config.dtd">

<configuration>
	<!-- 외부 프로퍼티 파일 로드 및 공통 프로퍼티 정의 -->
	<!-- <properties resource="config/db.properties" /> -->
	<!-- <properties url="file:///c:/Testweb/src/config/db.properties" /> -->
	<!-- 윗부분은 mybatis-context.xml에서 설정했으므로 주석 처리하자 -->
		
	<!-- 타입 별칭================================== -->
	<typeAliases>
		<typeAlias type="kr.co.hanbit.MemoVO" alias="Memo"/>
	</typeAliases>
	<!-- 데이터베이스 트랜잭션 관리자================ 
	<environments default="development">
		<environment id="development">
			<transactionManager type="JDBC"/>
			<dataSource type="POOLED">
				<property name="driver" value="${driver}" />
				<property name="url" value="${url}" />
				<property name="username" value="${username}" />
				<property name="password" value="${password}" />
			</dataSource>
		</environment>
	</environments>
	이 부분도 mybatis-context.xml에 설정되었으므로 주석처리 한다.
	-->
	<!-- 매퍼 정의============================= -->
	<mappers>
		<mapper resource="kr/co/hanbit/MemoMapper.xml" />
	</mappers>

</configuration>
