<?xml version="1.0" encoding="UTF-8"?>
<beans xmlns="http://www.springframework.org/schema/beans"
	xmlns:xsi="http://www.w3.org/2001/XMLSchema-instance"
	xmlns:context="http://www.springframework.org/schema/context"
	xsi:schemaLocation="http://www.springframework.org/schema/beans http://www.springframework.org/schema/beans/spring-beans-3.2.xsd
		http://www.springframework.org/schema/context http://www.springframework.org/schema/context/spring-context-3.2.xsd">
<!-- db.property위치 지정 -->
<bean class="org.springframework.beans.factory.config.PropertyPlaceholderConfigurer">
<property name="location">
	<value>/WEB-INF/config/db.properties</value>
</property>
</bean>
<!--dataSource설정  -->
<bean id="dataSource" class="org.apache.commons.dbcp.BasicDataSource" destroy-method="close">
    <property name="driverClassName" value="oracle.jdbc.OracleDriver"/>
    <property name="url" value="jdbc:oracle:thin:@192.168.0.24:1522:ORCL"/>
    <property name="username" value="scott"/>
    <property name="password" value="tiger"/>
</bean>

<!-- SqlSessionFactory설정 -->
<bean id="sqlSessionFactory" class="org.mybatis.spring.SqlSessionFactoryBean">
  <property name="dataSource" ref="dataSource"/>
  <property name="configLocation" value="/WEB-INF/config/mybatis-config.xml" />  
</bean>

<!-- SqlSessionTemplate설정 -->
<bean id="sqlSessionTemplate" class="org.mybatis.spring.SqlSessionTemplate">
	<constructor-arg ref="sqlSessionFactory" />
</bean>



</beans>
