<?xml version="1.0" encoding="UTF-8"?>
<beans xmlns="http://www.springframework.org/schema/beans"
	xmlns:xsi="http://www.w3.org/2001/XMLSchema-instance"
	xsi:schemaLocation="http://www.springframework.org/schema/beans http://www.springframework.org/schema/beans/spring-beans-3.2.xsd">
	
	<bean id="mb1" class="my2.com.MessageBeanEn"/>
	<bean id="mb2" class="my2.com.MessageBeanKo" />
	
	<bean id="mb3" class="my3.com.MessageBeanImpl">
		<constructor-arg index="0" type="java.lang.String">
			<value>돈 좀 주세요~~</value>
		</constructor-arg>
		<constructor-arg index="1" type="int">
			<value>10000</value>
		</constructor-arg>
		
		<property name="greeting"> 
		<!-- setter를 호출. setGreeting('반가워요')을 호출 -->
			<value>반가워요^^</value>
		</property>
		<property name="name"  value="현빈" />
		<property name="out">
			<ref  local="fout" />
		</property>
	</bean>
	<!-- ConsoleOutputter객체와 FileOutputter객체를 생성하는 설정을 하세요
		FileOutputter의 경우 path에 result.txt 를 setter로 주입하세요 -->
	<bean id="cout" class="my3.com.ConsoleOutputter">
		<property name="path" value="!!"/>
	</bean>	
	<bean id="fout" class="my3.com.FileOutputter">
		<property name="path">
			<value>result.txt</value>
		</property>
	</bean>
</beans>
